{
  "lat_std": 0.47446074926718157,
  "lon_std": 0.7569798300252024,
  "lat_mean": 0.0,
  "lon_mean": 0.0
}