{
  "channel_means": [
    -1.183505578968512,
    0.34546047630567994,
    298.4303299238403,
    100983.67275851464,
    202655.87535846737,
    162629.64998373785,
    139370.11084232165,
    121724.86075850461,
    107204.74153349626,
    94772.49581428616,
    74129.1062985731,
    57295.535335626526,
    43058.46293519595,
    30683.42207399999,
    14638.5172315271,
    7503.002398516976,
    841.4557490065179,
    2.651738713735725e-06,
    2.868471466910228e-06,
    1.146544428342256e-05,
    5.8643218004119694e-05,
    0.00018078451054324334,
    0.00040208094157731284,
    0.001173740696401711,
    0.0025044716993740707,
    0.00421930174645917,
    0.006280143408989678,
    0.01072531137120384,
    0.013565237192092048,
    0.01586285195611985,
    -8.902426441709379,
    -3.147854676459643,
    1.4241992095413452,
    2.894842191470679,
    2.82691130467759,
    2.392161493167103,
    1.6563596305457748,
    1.0592651406026679,
    0.615471268396982,
    0.28692170644136733,
    -0.5533202676639832,
    -1.2102870441163847,
    -1.3729611648131916,
    -0.00263789232698481,
    -0.5054319656077855,
    -0.5343316596085588,
    -0.013130975799947459,
    0.22447794062183477,
    0.3343620526912651,
    0.516566835152116,
    0.5866199008352547,
    0.6779171511698621,
    0.6997742099908684,
    0.5815584538681179,
    0.5431891189721738,
    0.3961366204354547,
    208.74915341957347,
    195.54974975932828,
    206.86176733960457,
    220.8238465748537,
    232.61654173680603,
    242.3626852202152,
    257.2049231991305,
    267.6279287732097,
    275.25679324127793,
    282.3385885827844,
    290.3597394264548,
    293.580336212551,
    298.03187877737525
  ],
  "channel_stds": [
    5.433362918121411,
    4.9284629779660545,
    4.107275933012604,
    520.200233337398,
    1078.404746252956,
    762.7904356052129,
    1053.6468886640232,
    1125.038883535668,
    1062.5486538371392,
    961.7868222992053,
    778.0997075141545,
    646.7880117722215,
    558.2535070849257,
    494.7249128025972,
    432.50464776595754,
    427.0494026162531,
    438.13798301210704,
    1.911501600887487e-07,
    1.0251692870369753e-06,
    5.13896479608348e-06,
    3.477138209833198e-05,
    0.0001227329642511483,
    0.0002908298569205799,
    0.0008612536445066114,
    0.0016555936437419817,
    0.002205238486407861,
    0.002657984382737625,
    0.0031096892024789448,
    0.003084313919184318,
    0.0033097670975396304,
    8.59410350502263,
    11.2626342683526,
    14.763671405835222,
    14.338757189176391,
    12.884198791262468,
    11.380846449168807,
    9.211252411341281,
    8.168888697081032,
    7.783007821532618,
    7.667774759885606,
    7.796003849722421,
    7.694548397224063,
    6.073046033047972,
    2.7196107224493375,
    5.830495948403925,
    9.203221356951342,
    9.585246554318692,
    8.78534199601506,
    7.86289839845578,
    6.8567514648021515,
    6.417479504361766,
    6.226178333511029,
    6.137726697747257,
    6.332728551497402,
    6.655953231793459,
    5.493681405046096,
    3.641629893213716,
    6.178648102989218,
    3.3197346109880925,
    2.179029437093097,
    2.6074049071265555,
    2.9632671194417286,
    3.00655331804673,
    2.7647296033052102,
    2.6116112628547383,
    2.744147782415893,
    3.4589792752106048,
    3.851503835869114,
    3.9362336851039013
  ],
  "channel_counts": [
    794291200,
    794291200,
    794291200,
    794291200,
    794291200,
    794291200,
    794291200,
    794291200,
    794291200,
    794291200,
    794291200,
    794291200,
    794291200,
    794291200,
    794291200,
    794291200,
    794291200,
    794291200,
    794291200,
    794291200,
    794291200,
    794291200,
    794291200,
    794291200,
    794291200,
    794291200,
    794291200,
    794291200,
    794291200,
    794291200,
    794291200,
    794291200,
    794291200,
    794291200,
    794291200,
    794291200,
    794291200,
    794291200,
    794291200,
    794291200,
    794291200,
    794291200,
    794291200,
    794291200,
    794291200,
    794291200,
    794291200,
    794291200,
    794291200,
    794291200,
    794291200,
    794291200,
    794291200,
    794291200,
    794291200,
    794291200,
    794291200,
    794291200,
    794291200,
    794291200,
    794291200,
    794291200,
    794291200,
    794291200,
    794291200,
    794291200,
    794291200,
    794291200,
    794291200
  ],
  "n_channels": 69,
  "n_files_processed": 124108,
  "train_years": [
    1981,
    1982,
    1983,
    1984,
    1985,
    1986,
    1987,
    1988,
    1989,
    1990,
    1991,
    1992,
    1993,
    1994,
    1995,
    1996,
    1997,
    1998,
    1999,
    2000,
    2001,
    2002,
    2003,
    2004,
    2005,
    2006,
    2007,
    2008,
    2009,
    2010,
    2011,
    2012,
    2013,
    2014,
    2015,
    2016,
    2017
  ]
}