{
  "wind_mean": 49.8937763672253,
  "wind_std": 28.092654472846128,
  "pres_mean": 989.7322347795797,
  "pres_std": 21.45919094291762
}